,SRR089523,SRR089526,SRR089529,SRR089533,SRR089542,SRR089550,SRR089561,SRR089564,SRR089568,SRR089573,SRR089577,SRR089578,SRR089580,SRR089583,SRR089586,SRR089589,SRR089591,SRR089592,SRR089593,SRR089594,SRR089595,SRR089596,SRR089597,SRR089598,SRR089599,SRR089600,SRR089601,SRR089602,SRR089603,SRR089604,SRR089605,SRR089606,SRR089607,SRR089608,SRR089609,SRR089610,SRR089646,SRR089659,SRR089662,SRR089663,SRR089664,SRR089665,SRR089666,SRR089694,SRR089695,SRR089696,SRR089697,SRR089698,SRR089699,SRR089700,SRR089701,SRR089702
0,0.13782980313434612,0.13690297922158579,0.13866162990904152,0.13857298213965943,0.13828812295076248,0.13898140812111445,0.13912580283031442,0.1391832955509409,0.13913189834053638,0.13910626418872063,0.1390915412580387,0.13904803523042228,0.1392059942803603,0.13899808195337088,0.1391903206803466,0.13817196500653206,0.13900993781439153,0.1390873688667273,0.1392115095469767,0.13914038100653298,0.13918245882805005,0.13917434506516602,0.1392205776311394,0.13913932778232568,0.13908250929257976,0.13915141188443442,0.13916021445849233,0.1389641776383205,0.13889424258998626,0.13904049697308193,0.13912194696645735,0.13916268824702946,0.139088124470306,0.13909421084125104,0.13906450319428096,0.13916626182515224,0.1382213864123555,0.1382875040069623,0.1382305958544394,0.13818444021597343,0.1382534189631941,0.13822951926007612,0.13794452997615403,0.1380213430274876,0.13800920961430338,0.1380036904343546,0.13821160110525363,0.1380700175282018,0.1383331031644581,0.13753462211141193,0.13779752423805308,0.13804570469409613
1,0.15478731795272077,-0.06111194229932414,0.12339546374706423,0.10005156751212285,-0.10994834490852218,0.11493014014403875,0.09974872403087491,0.10098806954048202,0.10111305512574957,0.09229824267652995,0.10760027711082931,0.09850768697190553,0.098947831166302,0.1021442450307775,0.09554065964923977,-0.155149940783619,0.09587686613716173,0.09620068749599647,0.10068734527728582,0.1019441229741494,0.1004091715244718,0.10340911818926504,0.09676307254469964,0.10210985664884267,0.10261755772339475,0.09579977593705948,0.09770071275806451,0.10324861210434315,0.11037613277423183,0.09998814872044029,0.10018310971934148,0.10029501395892562,0.0965086246559731,0.09522700612746252,0.1010560295919433,0.09571995506041522,-0.15722806985243476,-0.15123972276584183,-0.20790131276174093,-0.193445472154581,-0.16370780312176914,-0.20576694709641646,-0.18857163286943326,-0.24602730162429415,-0.182142525448079,-0.1888977683523837,-0.18865830911588582,-0.20509071344844731,-0.1422076783574503,-0.24117397935025872,-0.23813919872801106,-0.18332624675841905
2,0.005483617077952974,-0.984873121236765,0.010369678083463563,0.03003331127448755,-0.0008792714862921741,-0.006207249063832252,0.00928784995937146,0.019233321940497684,0.021193917007554075,0.02590213041463211,0.0013521849700355113,0.032347417935004966,0.011956220181846918,0.012867910964974914,0.004648201377468091,0.011099208625502668,0.02683254494972612,0.029123616661234877,0.01610204733937125,0.00019605711760606364,0.01900347287029749,0.018711664058076206,0.012409766782111715,0.007608246603496067,0.003368868960899506,0.009474149171032186,0.016318738814553372,0.022571968839619223,0.008208394358990678,0.015684142715246683,0.027371820143670813,0.008997143275431585,0.004067695945216832,0.006094588730716794,0.012760968099913539,0.006194205023484356,0.032268183382533275,0.02308757638547656,0.04179230295488959,0.04422668156413193,0.03236957659779302,0.048522756581555145,0.01715459323366836,0.03373163579142952,0.026281151868451116,0.041705378262086756,0.041899383329584455,0.025781248329055307,0.0029193342364875912,0.05088921594263993,0.056981256795863036,-0.005971795444804231
3,-0.9554568942600776,-0.004323161704286205,0.1672269969929851,0.05812654569624007,0.027989051600155967,0.07206080647703302,0.047614960491764516,0.02662327777340205,0.01897197299665073,0.0319629962488102,0.019048401507781566,-0.00386545680992715,0.014224516792857621,0.007615843084262359,0.013556014440664742,-0.007211210775199159,0.012855065166984864,0.026073999769511434,0.03649622987627689,0.03303325242068459,0.02654305690287575,0.037164644568511575,0.02302589889383873,0.042769629742171036,0.03746966608168013,0.024698183411459778,0.023753334930083525,0.016005577797084423,0.07162167668456294,0.01658479804919919,0.034198273726175475,0.022892883618048025,0.034167653235774816,0.021118622034030043,0.02633053232299072,0.015245337624857089,0.009296049145470902,0.01329065021494852,-0.03513823533027398,-0.007783854085464891,-0.006474022596295377,-0.01821013926887457,-0.02132305646458034,-0.04827060555828326,-0.01233220102072983,-0.01686628427503451,0.016352249745326574,-0.022594904833164044,0.08007073225998168,-0.08023881827910992,-0.03898945618756942,0.06360936840103959
4,-0.04180936061648014,-0.015550115088618699,-0.39341587185470855,-0.7459390186552474,0.015391895759116939,-0.055371952444211066,0.057035564274479804,0.014114287555030514,0.047463599311118515,0.022869594078890172,0.08608190642573356,0.00041461598899408163,0.06407930531646053,0.04513670393809137,0.02004748763095755,-0.10765868678525083,0.0752636638883752,0.04825797144279644,0.0532616595087394,0.042909628993654594,0.03841516299314931,0.025234312772633313,0.0515045664151491,0.04343136273724247,0.03744634040644278,0.03761324356119907,0.04246554967678789,0.06448610367089296,0.006362777472690619,0.032543374624222764,0.05568036505976197,0.03528915976667225,0.0435670360323505,0.02843151826703956,0.039812513812513134,0.027609360752453255,0.0788182941445902,0.06508530393828749,0.0537350458583813,0.06702827672144346,0.03150715990935189,-0.007038971336845723,0.01616314288964593,-0.07677193395323881,0.0007544949043892801,0.12848482992178045,0.0981596577213712,-0.07311282022228383,-0.0006095526199462603,-0.3715523346678212,0.004550761028286561,0.13617378664386587
5,-0.08780642369721214,-0.0016918304889980695,-0.6326081954628953,0.29354895054573366,0.2157068506115078,-0.177917433307809,-0.10809160874698837,0.025830861536395664,0.0745240890663512,0.09216585691099259,-0.03252236481751727,0.05020446357236413,0.02475455806846747,0.02242122653760504,0.045669837585428856,0.1157040101573028,0.10319161094231596,0.07998439563516634,0.023157188201146015,-0.010066296551952628,0.030247981333608565,0.02053689746901348,0.004532023248241657,-0.05980648921190826,-0.03205039710401249,0.04953690516226875,0.06438467742717609,0.00332713174550842,0.08249686431014608,0.03988115432389702,0.03756040494883387,0.026615877590592037,-0.04605440458561515,0.006598645250817297,-0.052744050800431826,-0.043522184675393996,0.11778622363015388,0.08288786517018987,-0.19689719379840986,-0.054236202453730585,0.020266699186177184,-0.17811252796650345,0.20277293435320967,-0.176259241352975,0.13576262332571143,0.09277777203570192,-0.12631754462407924,-0.011631683865482391,-0.07613348916920956,0.18957513877429905,-0.28582002369342707,0.015152054466082143
6,0.07644263878954033,-0.008865305201582185,0.46654574491911166,-0.09302350492032088,0.4390881247662945,-0.10216001253457269,0.048183453350626855,-0.017435779871773607,0.011371855485518128,0.02128504640471118,-0.10323027710435091,0.09009672594533394,-0.04511397153297383,-0.010730914016903511,-0.020743027683475548,0.03805557331275628,-0.01572336345675055,0.0497872623047114,-0.021008958492534185,-0.04344867997602523,-0.023603774588920767,-0.020849301762723406,-0.021561097606190818,-0.06288210754849746,-0.04112531944712558,-0.003577947540877461,-0.003129084908049462,-0.027466566010143807,-0.23858864829377985,-0.011065548425174808,-0.021088635600849844,-0.025176720849990206,-0.04717934653727904,-0.011921085007493162,-0.07564021789492492,-0.014952932218637003,0.20543985477743815,0.2007492499185256,-0.11088999878507738,0.014791052168803082,0.14526347084097002,-0.08722733997080866,0.144440452964064,-0.2434103377841178,0.21554039414658044,0.20176177427877495,0.027008519679621784,-0.18227555221680156,-0.004673945246806782,-0.2051317307708205,-0.2129758247024754,-0.2161457790855371
7,0.03293460467567966,-0.0541535077165223,0.07833413282679089,-0.30690278899775,-0.005924420268002439,0.18699328609820814,0.12952798081354155,-0.04954477493712347,-0.11282805146204206,-0.10603063400123271,0.11955669382493528,-0.14922326962672422,-0.026395948409027696,0.05849266486439655,-0.018957350261127895,0.3599143586235445,-0.14055423724643365,-0.1446439831642101,-0.04363346488493518,0.04962297445741281,-0.014617679274589408,-0.016415904012563313,0.007584216349945262,0.11614285913054759,0.045118752313279095,-0.05755722718986187,-0.08558161471953868,0.10978138857914584,-0.06741626127711593,-0.0692242309363991,-0.10231604420972173,-0.006236158251374836,0.18274168582663666,0.05493974839804811,0.15220034734493718,0.08820105029099531,-0.041028077869428144,0.02071525194885552,-0.17503907039567207,-0.15325161573266394,-0.02635863853954415,-0.051425623228017095,0.009459452442654271,-0.08956926795416223,0.11626942932782183,-0.11774366115322601,-0.11683920498211173,0.08175105120623521,0.1624884635101189,0.36778592640798446,-0.39236092729672667,0.21178292087613748
8,0.0699167141336608,-0.037069497217820144,-0.20978261493983671,0.27782550759555524,0.3728281331945824,0.4966508300461665,-0.02886268842382182,-0.02396119901737402,-0.14715328000049527,-0.08496612256380419,-0.038236000676313234,-0.12378667994663198,-0.054882476577562046,-0.07233320599646058,-0.0413140167976923,0.13356259861188124,0.00023357096824411743,-0.13034863652277542,-0.04557846659509942,-0.002559695596239909,-0.049178692329648915,-0.06262442465074067,0.0029271445194222253,0.06953550625880706,0.03903275993055718,-0.0672689403968965,-0.09458509287998051,0.11562995602607672,-0.018291179867979734,-0.05719462202672295,-0.06751463984068631,-0.05919250857885921,0.06414755030193499,0.05276374743262026,0.02056522696171227,0.02792941685198093,0.0490893550907847,0.09688856035356556,0.07306312126743793,0.03251624512785475,0.07833336389652354,0.03132285965843471,-0.05056741838842265,-0.10860904927919923,-0.17210897599203479,-0.1407758135310304,-0.0276419666958667,-0.008489894024971495,0.09097698387632527,-0.4429247734893137,0.10325584973822667,0.16902670576199963
9,0.10319514356125467,-0.028242166574695193,0.16783339460073454,-0.0302159596264455,0.07617305564767111,-0.09722406852271505,-0.08178449836495552,-0.02432555754842825,-0.023354786506642255,-0.012356245625701192,-0.022304696664783664,-0.12762704640296524,-0.02676376196315874,-0.009141571748604064,0.00596603351298976,-0.10555961767194497,-0.054809303227623105,0.04410634941505502,-0.01835367725876787,-0.035767501627427666,-0.012218365593907234,-0.026314292425994555,0.006404511193059356,0.006590027253185039,-0.016259071069709554,-0.04050574363629128,-0.03178832357181062,-0.39332725318335027,0.7675775599380653,0.00830003182002812,-0.05871467594947496,-0.022859216115806488,0.053285911700364,-0.07877470909758472,-0.07294965777828318,0.010134019588096848,0.03695138493210964,0.047844602499421074,-0.045183963553894826,0.0027298090052449084,0.025214829352336668,0.030894423599170426,0.036806353270026,-0.037292480946489126,0.016051383849498835,0.01651181954950459,-0.0702681595427727,0.086033742880524,0.14984875554165877,-0.13675661067034067,-0.1644204683565085,0.20875136644545783
10,-0.030508442802274632,0.009966111889803507,0.05761827198905993,-0.2574862092910483,0.242638134168958,0.07897591080377,-0.0611682907194539,0.010696683373649143,-0.004230333326210142,0.023531536421519565,-0.050401602537884886,-0.02763432193631439,0.005494026397296912,-0.027083566183750876,-0.001965992560324402,0.17095978131135664,0.052914613896175966,-0.0023223034837392704,0.006641436313385674,-0.05444439652950979,-0.028631732145055572,-0.02138515975582893,0.015269080287055436,0.005858560387344627,0.042130502014355115,0.0015964103522281001,0.0002488323514602509,0.2186507613363367,0.33230928111322605,-0.05744539772816878,0.030998905206371753,-0.015353801295617949,-0.09302810856290326,-0.0008356679824286318,-0.10067675372583654,-0.0266308897497329,0.012740810219280658,0.023743947044410216,-0.23166373630860385,-0.09087276565131909,-0.05603527493319,-0.08811004474815409,0.019261625173795635,-0.1630784239432111,0.013150863101476312,-0.13708396025035885,-0.14727530144185041,-0.04872272580992326,-0.19890824712308694,0.25839369519052263,0.5885315772329992,-0.19721303616894856
11,0.021393583955602202,0.010136432292575048,-0.004335308043900865,0.1561952268304443,-0.1980254743284524,-0.3346112726443739,0.07156457178920467,0.00137250363448513,-0.0644702920283004,-0.08240554730993552,-0.04444527056828057,-0.19110835492333358,-0.0529957671901626,0.05021814661438182,-0.0663555703464972,0.1504971113865859,-0.17857784290773832,-0.03479550772715193,-0.046081658430344175,-0.04025876002031624,-0.015352657713062825,-0.021960959213547772,-0.044411015390283866,0.01796021913333936,0.015677179314267535,-0.030619487696036517,-0.04592921725769411,0.6388813971121359,0.2944444898669408,-0.07753006412738077,-0.003948730763386897,-0.013930653428383996,-0.017780929545004102,0.03817427322653951,0.03549966383935698,0.013409074959414524,0.007683772223621337,0.014833477411997717,0.13867133051924335,0.009069512411732025,0.020527970817269692,-0.051518007467935265,-0.038757119814257904,-0.028705476482302802,0.09576082615614095,0.1276388853495423,0.18573504973186283,-0.20082081661308648,0.14821394318275488,-0.16210505254904845,-0.05950705993127861,-0.11124114619666338
12,0.020785123413701645,-0.005595189718000215,-0.05586646291676717,0.15957564833335885,-0.03641754080191348,-0.3153345558296659,0.03706486006122631,-0.012090594301706194,-0.020589132417768885,-0.08305359866530239,0.09161579214505841,-0.31322956681714353,0.02397055828979666,0.23553650108474364,-0.04566253522926082,-0.08563303571652597,-0.022192785496813767,-0.010470631028130062,0.005433259526201473,0.05721316969188339,0.021848708894140936,-0.00951243675623145,0.035887146491268104,0.10896759846304359,0.0663212274380459,-0.017204301618708548,-0.017435859343744572,-0.28014689158816874,-0.22176538769364995,0.0006287625589129158,-0.0118627480175467,0.01414782174531285,0.21011438806685434,0.02362839069868219,0.19680708192020496,0.10062615945199264,0.04771520054748766,0.057363950499142634,-0.21530853086309462,-0.09222688930625322,0.016699009890901943,-0.02407078507350252,-0.1499442247557768,-0.2758311342278212,0.10724008624264392,0.07829159405280212,-0.0362450836504818,-0.11508166227640323,0.2624803685885758,-0.01575983123535818,0.4194966845172964,0.0894692616692773
13,0.03389258360778406,0.004473000321681455,0.09677448763133258,-0.03166865516303667,-0.015152152601759186,-0.04296102632342618,-0.28333753360960745,-0.018437345679483044,0.08000808421360854,0.06701382205480894,0.08659704694529145,-0.1634408121995322,-0.006430160050798253,-0.3710953304269782,0.024341031864809307,-0.25951596955200806,0.40031506474264567,0.007348319427709693,0.013085531917700729,0.025081058847196004,0.038991938653159794,0.027419690495916235,0.003881848400073817,-0.09889805002567345,-0.0889809037293905,-0.012113172044649661,0.027187369050829833,0.34118546007910605,-0.07625688685306702,-0.019708358434298447,0.014296826793053368,0.015357224448580113,-0.029376338636988422,-0.1068031645847423,0.024813322503178182,-0.029097028723627343,0.054013820363945406,0.019163523415757885,-0.19907659536222116,0.029418194147871588,0.0746800465954673,0.2479154580696188,-0.08643695552511903,-0.060083729698479346,-0.05579417987457571,0.03151721366112766,-0.2527862080544656,0.11449350958579725,0.3475171253834659,0.05403461375120831,-0.06732560934912465,0.07049240101416325
14,0.006268521558772375,-0.002674965633281696,0.06106568001811531,-0.012395416458383528,0.09513354532634966,0.043658310615288194,-0.09410232769981267,0.011919450563466862,-0.022519750976734393,0.05074118079004918,-0.030077542390767514,0.03266826018177198,-0.04023684169561359,0.7246489524725929,-0.020356264001308858,-0.3617312385662056,-0.15185890259657595,-0.06461488092367583,-0.0012004682773376185,-0.018168236820821478,-0.036524185481543424,-0.03995722261005217,-0.028327779423815095,-0.05778994427576783,-0.07754187158438106,0.002965685773609771,0.010897205408095455,0.2521314873517033,-0.04916550513235582,0.014000740645664936,0.00978704143501038,0.010412197653697506,-0.15805076583559638,-0.007020152246962975,-0.2082912805359831,-0.12070155203942715,0.0586802326999459,0.02892734317404751,-0.038745391813202634,0.028505617451977747,0.05611258589129218,0.0452869463970525,0.014723496292980375,-0.009478664121312923,-0.10889927140655789,-0.06922496183195652,-0.1370040354287651,0.10173304570402568,0.02618194541185806,0.0821234267236764,-0.03773347423254648,0.23704004869569645
15,0.036130165106475765,-0.009610223859285692,0.02765579865656042,0.084689586707337,-0.017671897677392953,-0.0059157247910410545,0.2119649307689853,-0.01602655335499403,0.019593223249519277,0.07473429874843035,0.17860637281675756,0.14548169748473294,0.03462267603183874,-0.42658786635784357,0.01958390583776255,-0.35983970567577156,-0.476968694668121,-0.016797325418909353,0.027047133756906712,0.06596619023339172,-0.005075109692414382,-0.008676013348206828,0.0020406804223959576,0.07654577743502462,-0.01145405560997546,0.0023855835529991236,0.000764482923192349,0.11338377114249627,-0.018459972352771574,-0.09757825382709107,0.024283707617849787,0.02725161519342359,-0.16769443663460765,0.04599622873598218,0.08210992848153623,-0.03094114828376791,0.05764826779799885,0.08351411795429238,-0.0923325026447533,-0.05728811106719042,0.04148521905007699,-0.16194100730185057,0.11760350600764924,-0.10720742426234596,0.0640103653341427,0.03143037592110805,-0.026377841136221096,-0.00837058438200948,-0.13847380489009434,0.053082634295932074,0.1197278880007643,0.393124058631934
16,0.02818694802418467,-0.012568772952275131,0.17381745638867743,0.0371236899817982,-0.2698121638493604,-0.06775218160098528,-0.24596775188401573,-0.013640053469683578,0.029279062820133532,0.06272653242406892,-0.1617576431389049,0.0556236850940572,0.05909369731933103,0.058558749869913794,0.06743265570739675,0.272878872451121,0.1495776091602963,0.09450026233501452,0.00144602651594236,-0.04744621464668747,0.03347142569634738,-0.01422989694627565,0.004408333181475329,-0.03269436471318534,0.04520267409399029,0.02171310080420477,0.038084724103700264,0.09199271115675597,-0.11813029316296444,-0.11128842817363152,-0.02236184590389259,0.0040218812520037605,0.1576140456277985,-0.26565929045981357,-0.016576004150776674,-0.06451724519176616,-0.012120539906062558,-0.03551030488029854,-0.09653209194771957,-0.10266010282146243,-0.06112928929690115,-0.2440735775965087,0.2938196132586677,0.06173716515855877,0.16413292810152774,-0.07897756941273715,-0.07797074786253236,0.1195695727150011,-0.17126509766220616,-0.3101527091811459,0.12353196519037339,0.40649364215883577
17,-0.020374997564793954,0.01767025092001856,-0.07702226575258045,0.02454161204166757,-0.11378683843164532,0.09936983484873636,-0.00024631817035982676,-0.04783503823938786,0.011749711367434515,0.04497134697298163,-0.025684549429139933,0.39168842521817454,0.0060094235120444674,0.13905800662726692,-0.020685708028358,-0.0633653755714431,0.0005289923416356038,-0.023219924975844908,-0.003269411551032742,-0.004717130465683188,0.028717882416251544,0.001764103912704581,0.005608367623572872,-0.07040086787895111,-0.11993510877912192,-0.06426304390086268,-0.0017445600245276417,-0.02123929051930667,0.11188132316902866,-0.7001181303821364,-0.06671974603638992,-0.08352901859845077,0.16356461725198018,-0.020454661372607697,0.31629098631707037,0.03617585419750148,0.06447654842386577,0.05322769286242197,-0.11978879137912973,0.07111662172579504,0.0712387003778789,0.18516790194665278,-0.06286103908223876,-0.04875212237664852,0.0733188858927104,0.08673009687205824,-0.05415743682072499,0.03697368937054389,-0.00975905248944034,-0.03300253956004533,0.005480255212260088,-0.17053837133527522
18,0.021351743378647023,-0.002344113948520146,0.07941006023736519,0.005059237417420259,-0.00630275493365523,0.031583339637836653,-0.01843838346822149,-0.0490617312027054,-0.06857305628761505,-0.07720180673755613,0.050394439483488276,0.10519943787834,-0.044772029455001874,0.04314437671029137,-0.056423834397308796,-0.14915901383786026,0.5118998104095543,-0.2698868977279217,-0.033451585029605706,0.03343645270133244,-0.05698799997254752,-0.03486822797363856,-0.029281336444949475,-0.03783973916995231,-0.0994525840397425,-0.04513239817713982,-0.057077132751908226,-0.05468030753481528,0.08601443560700782,-0.07482449744627982,0.006733331809422987,-0.008551571762815771,-0.1414608938029011,0.11763272541838662,0.20247670658936456,-0.05155540281645237,0.034513226834654645,0.028442062166521533,0.20513345034050656,-0.026624961046837446,0.02500765799549055,-0.37751252387217327,0.08859957485341843,-0.031439902939690095,-0.026849513022733383,-0.0854034673386372,0.23969019117305107,-0.36672408555899494,0.052277413400011005,0.1961440374505869,0.007159147134256236,0.21263545715874205
19,-0.02155486467016135,0.01219429378333719,-0.015265885027652422,-0.005680980238644757,-0.05532602517081396,0.09052220935147018,-0.07322756721838242,-0.04245641917937146,-0.08406216802912474,-0.062083252549853724,-0.03993695501507079,0.1795742688517713,-0.013189456493187294,0.06750682358136097,-0.0347528431919036,0.014518762002015195,-0.09400778826459762,-0.036957163333423096,-0.022941228801463414,0.013330504528369844,-0.032094881681148865,-0.04064066366549405,-0.024792769332056423,-0.017857177361296838,-0.3151500080886208,-0.09418694328885684,-0.027292208186281,0.06574031495865972,0.08137437007549982,0.5607930554539113,-0.07582592254260909,-0.08995057494274356,-0.061148559574469026,-0.3179490328994616,0.5659220841004174,0.007589032347323853,0.03772201329271915,0.04382778749408313,-0.06683519858938364,0.012863654582346224,0.03767414947686723,0.050938238610285104,0.021044312710252963,-0.055810882749487215,0.03317830730290586,0.0742434537236685,-0.05028761048277945,0.04106823066587976,-0.0750576880185425,-0.03386672504287812,0.04910707053690813,-0.07958067080253314
20,-0.007249480238815512,0.0016381384913171579,0.03582820995358244,0.011339312278827975,0.08131875848511086,-0.269954932057399,0.221428951418049,-0.008752511199686444,-0.10140499962368914,-0.03772276341163975,-0.2524632594906613,-0.04386364373895959,-0.0031917607531531814,0.027694069119815437,-0.04570731599599633,0.01431232734694441,0.2325230979774558,-0.009241326043554359,-0.042318594797788656,-0.02097847395700233,-0.03950402952810035,-0.05770957587675587,-0.01868887596306664,0.2105898447445571,0.39375385125126033,-0.017323983074524877,-0.06797163699917648,0.0008683428659884886,-0.013008289355399653,-0.05821326725408145,-0.03313082130188678,-0.0008112956620299401,-0.439824807238666,0.1263030579865989,0.32388439905663463,0.025855992878478312,-0.010154329290691114,0.023596869858584044,-0.05423065021045164,0.0556666182554771,-0.026849027941220724,0.16637852577255968,-0.03952928739035668,0.017421708439514655,-0.0534967212022602,-0.05680148444670452,-0.1265556910911941,0.2757666505835831,-0.22007181666781486,-0.076408383677502,-0.08187029792114253,0.08857710704813691
21,-0.014159013392766207,-0.005733867486544052,0.028135861652779898,0.0009566221117241827,0.1410773493935516,0.1774319222045911,-0.09129631502307907,0.009593513111705575,0.06798802965259224,-0.10212949599164668,0.08448029713775432,-0.5692380397260818,-0.008259305896227214,0.06934003918143931,0.03203358454037024,-0.22211392786165915,-0.0007605724397118492,0.2721903182743748,-0.014341591800702458,0.12030044199561897,0.024081811898334464,0.025372393440866055,0.020284087965991744,0.0496500923197484,-0.18874395299129143,0.0056430507076874765,0.0456138296222673,0.030498650068414627,-0.013554352775509933,-0.22652445036374697,-0.02791264848158644,0.0022374601606201736,-0.05712799000843638,-0.04487864733703152,0.2430174040826452,0.11710976565288937,-0.032482193091802405,-0.028065043034441784,0.04740815680732015,-0.03888432597118426,-0.1340012439099377,-0.18271046019940562,0.22678867828462446,0.19270908678281995,0.027212008234611347,0.13462918482741382,0.10176365817476124,0.1342020991372779,-0.23010645223343412,0.019802728947218032,-0.054731229709292284,-0.16358311547359874
22,0.014963018576572035,-0.012432273707925299,0.018736284802072643,-0.07129893191951296,0.0547271376399457,-0.0014686377656461735,-0.41422224139650254,0.06708971459331232,0.16290771237658863,0.16551359351120806,0.07247130317462794,-0.03438054125251909,0.029627993504594826,0.0251732978475936,0.02629841561976291,0.1965039091422728,-0.3234995310550734,-0.06023503219381184,0.039899019501507045,-0.024404727972415566,0.058351311291577536,0.0652926416707203,0.012539031984981748,-0.22973850954060104,0.22690704971457507,0.06139950121938573,0.07548523684776427,-0.12533402783729064,-0.03494486581005785,-0.08471261327939242,0.11674301985504427,0.11040313079560728,-0.35218795207659487,0.1048117399189341,0.3348277554910819,-0.113071993937252,-0.020909947592658375,-0.06640549259690794,0.055749757809629506,0.004424957762330827,-0.01918063938970769,-0.034375695537434664,0.10441553362141984,0.06496155632670791,-0.09628630448780856,-0.14205958252902684,-0.03254692599940183,-0.15208974548069593,0.29439815665679336,-0.05868626713069924,-0.0006644354563688365,-0.06043069314703506
23,0.002602608529998489,-0.004632394460428763,0.05077205405330979,-0.026473169683046215,0.04912272320604247,-0.21788206023747567,0.016201853855071148,0.04552511044215063,-0.007372214916398403,0.0441207943057243,-0.09613283874777558,0.029750949637366235,0.03422938099202891,-0.023181135610684574,0.0410338764598049,0.2278638107628177,-0.005773390415015948,0.07840934804077362,0.0035848505453266602,0.11806058765241297,0.012807636582552793,0.02398148397901526,0.017719411063394568,0.0497631840367368,-0.6971135844971132,0.038680499474039114,0.017177845054585632,-0.028964896646668844,-0.02737490018704964,-0.025555491063270184,0.03879838861219169,0.03142359688570987,-0.10292291346764769,0.5091122565978415,0.0019280308467699132,0.047581568319521976,-0.049695297985490924,-0.04393369267818846,-0.023449876374871063,-0.008471099913831229,-0.03704809582839724,0.03531595529860931,-0.04233923332937735,0.019121783239977937,-0.0835971745696221,-0.1453720124232034,-0.07794708105871767,0.10903131724065127,0.03127836531949994,-0.12221805659442449,0.051555819061958344,0.11983746481742373
24,-0.003958040392103134,0.0015694891418112575,-0.013815603406904499,-0.07361479170674771,0.05962775885786602,-0.00922763933958293,-0.1933716838488499,0.00947403215456785,-0.01437137996668663,-0.00953759104143052,-0.6471123105953873,0.031094124132261338,-0.014176497711972127,-0.11187830670182511,0.004829123555444295,-0.2864104298150495,-0.13334343497846757,-0.02350583345679159,0.017948325041071807,-0.0692151340178919,0.018361658029818515,-0.009284498139598325,-0.00840934717964161,0.048093459485379284,0.13302969859307964,0.048776618864781955,0.0071252967593181645,0.0713835099222621,-0.012808614423281711,0.10159414386684934,0.03889417785764228,-0.037060904919491267,0.4402786144642957,0.3077123367213004,0.15674752314706977,0.013857293162280694,0.02063134345731733,0.0022989170668116852,0.05137091540058991,0.005809695459527767,-0.028686946306450307,-0.12978137701365577,0.08778334752063276,0.05527320957886686,-0.05462929143906309,-0.033213792141460384,-0.004379521402867181,0.031810874518938555,0.07133293941575322,0.13088440741092044,-0.009033854311837161,-0.03697271344419188
25,0.005009830290149946,0.004887277383795312,0.006825117569389243,0.022206941969109058,-0.39628524576638197,0.39168669136971035,-0.04483451064797233,-0.020474609718039227,0.06270681633138807,-0.11605199959091866,-0.053251786246795295,-0.10313648337769978,-0.06099776522660906,0.034348506639946985,-0.040373849438002735,0.002077329959423722,0.06218175106720471,1.7289269712819522e-05,-0.009003706097922805,-0.14718394395976803,-0.01728079065667447,-0.018978562737751118,-0.033554435759131765,-0.18708427506378913,0.06483720023472526,-0.015052985691124336,-0.030985413658865566,-0.06071639619536234,0.04869698405811979,0.12755806198035963,0.010207617931499964,0.03867176227709497,-0.1938905714919723,0.4671287441751064,-0.06192779790364215,-0.09077179916749115,0.05351955642742931,0.04650378226741732,-0.1631400360830738,-0.08315243839849731,0.08597493463896833,0.023508449158214897,-0.02713250424457498,-0.09826565902451048,0.2861585459287993,0.36618010793745315,-0.06254889749417372,0.037591220121306584,-0.06983125914873421,-0.07307476841566043,0.033317692043853625,-0.0013676014705288411
26,0.033686159651949876,0.0016348792462614337,-0.05991365526176499,-0.023268880039494264,-0.16179363903461902,0.22387665299896867,0.12369858183157449,0.07352397354455667,0.1022755627258347,-0.0036856007376443053,-0.5311807526646687,-0.05646773570163446,0.03350316856184181,-0.01219241581207005,0.052069514334106844,0.031234455432335162,-0.041479643123038624,-0.025717303616168072,0.059192041388484544,0.24306675763693394,0.06616005904398412,0.04525367401398956,0.03370752963553641,0.18667071407264393,-0.13460403399437898,0.11926384760881685,0.03981740631368538,-0.06922723268745874,-0.010932241716329383,-0.10115166460564383,0.0938005130063375,0.11385537682792385,-0.3461119056477623,-0.3408696810290398,-0.13991823714501883,0.2207467891000221,0.035101371946535086,0.004343079522387043,-0.06251107264253652,0.004670990674184923,-0.004629723339051525,-0.006491801711597037,-0.062456852356903375,-0.11319234863502114,0.051153976493718264,0.025878483828857067,0.09336408409223854,-0.13373487371708775,0.2396182354144142,0.06766084041477795,-0.002506476995548665,0.024644219224177907
27,0.022351665639885082,0.006238935000558015,-0.010879552728606693,0.0007000579662138559,0.1329381197657922,0.0453419236827177,0.41171134486636146,0.04841743300393182,0.06126131830578624,0.13475356290062543,-0.16990775503049632,-0.17683019085795268,0.023406297392205993,-0.0029329854067597903,0.013585481028534636,0.015246105858952447,0.03548923170615102,0.18978187092000953,0.012138219824713744,-0.380258524396457,0.019949730303417748,0.001262535014860945,-0.005881888673397994,-0.5501349822792029,-0.08951839972481322,0.07101988323202167,0.04634449064700322,0.01558632671626226,0.0003859417900578406,-0.025629909076205257,0.10455164831183787,0.11776272382109865,0.07781336157618607,-0.12539246446482144,0.17175250519178922,-0.09502406688064395,-0.06717078775878534,-0.040943334821678695,0.03960283556597574,0.016932503883603737,-0.059578214655143465,0.04201236097362644,-0.23515603624957637,-0.01714401837583221,0.06436900194270763,-0.10364108811214821,0.04524896210725947,-0.06902856856772883,-0.023708028271314723,0.05742517633816309,-0.005877263476840047,0.20948818846012945
28,0.006979236476375605,0.0101051847717775,0.0012926364070311516,-0.0055889614747714825,0.02269224478326287,0.055527466612156566,-0.1344940320160791,0.03578821694773789,0.08989275975114498,0.02658645679580598,0.0724783928422553,0.03763600673770089,-0.01922078849816222,-0.0003412352527716331,0.021997871779589236,0.006977422070076705,-0.0022197263585714663,0.08819206978507442,0.023900511568082143,-0.7316446899725785,0.04071390146230992,-0.04190654358449828,-0.0012011567239592316,0.5719847255484032,-0.1343627374129176,0.09270087993797209,0.02967601819611809,-0.013194274661190384,-0.037917645361307734,-0.052684733444913326,0.06239496273439457,0.02967286440581529,-0.0682966630372245,-0.052616018275850406,0.03822488585525309,-0.04986035455234503,-0.024396283721919328,-0.021434665411524906,0.034761368538834145,-0.025964624410765177,0.002933290383617119,-0.04469859762118246,-0.11950891286561308,-0.003525818671173478,-0.008991244779816651,0.08505864951123893,0.037958067908622675,-0.04222105257912667,0.06519242928603042,0.045155093637558624,-0.032535170046138186,0.032489785003200086
29,-0.02473169860885128,-0.0029026542015481134,0.0068938634421660434,-0.003327574936179049,0.05039255111159539,-0.05953863851171185,-0.20324158188321576,-0.04557132878354442,-0.07846364691367659,-0.08166877188243615,0.05232400200117178,0.1391333423544248,0.0252419213640209,0.0038812521910287666,0.06818312009390201,-0.027726836939193727,-0.02980879210095056,0.03637313693605143,0.007146564694230937,-0.20427954365881593,0.04088724226061213,0.02048066115823707,0.059265284124473884,-0.2504340276377989,0.06359143492369854,-0.02567495565899793,-0.016759431900756096,0.043984468239762015,-0.02630000894523585,0.023883883457758073,-0.11512269353432407,-0.08577973109702691,-0.12119408426305488,0.04043906292044709,-0.07216901744568202,0.8363742439568653,-0.026321209043510978,0.01121534263815444,0.06394963716356152,-0.032161422416658876,-0.03345847194930809,-0.08919054367748597,-0.12127276524416919,-0.017672042579218235,-0.006511577447094746,0.04469514244947801,0.013507488441520391,0.04966661209689832,-0.03641345566122324,0.026666536297300182,0.00975817171911822,0.09921642132352586
